id	start	end	program
1000	2020-07-04 10:00	2020-07-04 11:00	103
1001	2020-07-04 11:00	2020-07-04 12:00	103
1002	2020-07-04 12:00	2020-07-04 13:00	103
1003	2020-07-04 13:00	2020-07-04 14:00	103
1004	2020-07-04 14:00	2020-07-04 15:00	103
1005	2020-07-04 15:00	2020-07-04 16:00	103
1006	2020-07-04 16:00	2020-07-04 17:00	103
1007	2020-07-05 10:00	2020-07-05 11:00	103
1008	2020-07-05 11:00	2020-07-05 12:00	103
1009	2020-07-05 12:00	2020-07-05 13:00	103
1010	2020-07-05 13:00	2020-07-05 14:00	103
1011	2020-07-05 14:00	2020-07-05 15:00	103
1012	2020-07-05 15:00	2020-07-05 16:00	103
1013	2020-07-05 16:00	2020-07-05 17:00	103
